id;url;api_key;project
1;https://possible-willow.org;prize whirlwind;monocle streamline
2;https://formal-pen.info/;among eek stylish;yowl plus personify
3;https://pointed-devastation.org;reproachfully whenever;athwart overconfidently
4;https://composed-glasses.org/;shrilly through near;appropriate soft
5;https://scientific-inversion.info;rowdy stake quaint;brr growling if
6;https://yearly-sum.name;mortally anti;yield gah
7;https://hefty-gift.org;righteously scuffle;above
8;https://cultivated-frontier.com/;uh-huh;nutty uh-huh closely
9;https://cheery-today.biz;toy gah happily;negligible gah boo
10;https://diligent-suggestion.info/;whoever;around yuck
