id;file;file_content_type;name;project_id
1;../fake-data/blob/hipster.png;image/png;videotape ouch;1
2;../fake-data/blob/hipster.png;image/png;afterlife questionably;2
3;../fake-data/blob/hipster.png;image/png;banjo um above;3
4;../fake-data/blob/hipster.png;image/png;anything granular obedience;4
5;../fake-data/blob/hipster.png;image/png;happily mmm;5
6;../fake-data/blob/hipster.png;image/png;except;6
7;../fake-data/blob/hipster.png;image/png;although gadzooks;7
8;../fake-data/blob/hipster.png;image/png;meanwhile surprised reproachfully;8
9;../fake-data/blob/hipster.png;image/png;discovery flay;9
10;../fake-data/blob/hipster.png;image/png;atop instead;10
